{
    "loss": 7.469326019287109,
    "accuracy": 0.5179855823516846
}